,SeniorCitizen,tenure,MonthlyCharges,TotalCharges
count,12043.0,12043.0,12043.0,12032.0
mean,0.306817238229677,34.26538237980569,66.59416590550528,2976.895547706117
std,0.4611920230313344,23.152932481741505,29.527709169702614,2442.548607661315
min,0.0,0.0,18.25,18.8
25%,0.0,13.0,41.935,770.575
50%,0.0,33.0,70.05,2369.175
75%,1.0,55.0,90.8,4992.835
max,1.0,72.0,119.99,8684.8
