,SeniorCitizen,tenure,MonthlyCharges,TotalCharges
count,12043.0,12043.0,12043.0,12032.0
mean,0.3029145561737109,34.07207506435274,66.78008801793573,2982.0498861369683
std,0.4595376621159917,23.04986802091881,29.726833375420878,2432.0193631984685
min,0.0,0.0,18.25,18.8
25%,0.0,13.0,42.230000000000004,780.5975
50%,0.0,33.0,70.0,2407.8
75%,1.0,55.0,91.15,4997.7474999999995
max,1.0,72.0,119.89,8684.8
