,SeniorCitizen,tenure,MonthlyCharges,TotalCharges
count,12043.0,12043.0,12043.0,12032.0
mean,0.29926098148301916,33.94436602175538,66.69216972515154,3012.432675365692
std,0.45795333912428293,23.09259166569328,29.707370710362884,2439.755992135375
min,0.0,0.0,18.25,18.8
25%,0.0,12.0,41.44,784.3475
50%,0.0,33.0,70.1,2461.59
75%,1.0,55.0,91.15,5012.4025
max,1.0,72.0,119.97,8684.8
