,SeniorCitizen,tenure,MonthlyCharges,TotalCharges
count,7043.0,7043.0,7043.0,7032.0
mean,0.1621468124378816,32.37114865824223,64.76169246059918,2283.3004408418656
std,0.3686116056100131,24.55948102309446,30.090047097678493,2266.771361883145
min,0.0,0.0,18.25,18.8
25%,0.0,9.0,35.5,401.45
50%,0.0,29.0,70.35,1397.475
75%,0.0,55.0,89.85,3794.7375
max,1.0,72.0,118.75,8684.8
